Super Category,Predefined Category ID
ADULT_MATERIAL,ADULT_SEX_EDUCATION
ADULT_MATERIAL,ADULT_THEMES
ADULT_MATERIAL,K_12_SEX_EDUCATION
ADULT_MATERIAL,LINGERIE_BIKINI
ADULT_MATERIAL,NUDITY
ADULT_MATERIAL,OTHER_ADULT_MATERIAL
ADULT_MATERIAL,PORNOGRAPHY
ADULT_MATERIAL,SEXUALITY
ADULT_MATERIAL,SOCIAL_ADULT
BUSINESS_AND_ECONOMY,CLASSIFIEDS
BUSINESS_AND_ECONOMY,CORPORATE_MARKETING
BUSINESS_AND_ECONOMY,FINANCE
BUSINESS_AND_ECONOMY,INSURANCE
BUSINESS_AND_ECONOMY,OTHER_BUSINESS_AND_ECONOMY
BUSINESS_AND_ECONOMY,PROFESSIONAL_SERVICES
BUSINESS_AND_ECONOMY,TRADING_BROKARAGE_INSURANCE
DRUGS,MARIJUANA
DRUGS,OTHER_DRUGS
EDUCATION,CONTINUING_EDUCATION_COLLEGES
EDUCATION,HISTORY
EDUCATION,K_12
EDUCATION,OTHER_EDUCATION
EDUCATION,REFERENCE_SITES
EDUCATION,SCIENCE_AND_TECHNOLOGY
ENTERTAINMENT_AND_RECREATION,ENTERTAINMENT
ENTERTAINMENT_AND_RECREATION,MUSIC
ENTERTAINMENT_AND_RECREATION,OTHER_ENTERTAINMENT_AND_RECREATION
ENTERTAINMENT_AND_RECREATION,RADIO_STATIONS
ENTERTAINMENT_AND_RECREATION,STREAMING_MEDIA
ENTERTAINMENT_AND_RECREATION,TELEVISION_AND_MOVIES
GAMBLING,GAMBLING
GAMES,OTHER_GAMES
GAMES,SOCIAL_NETWORKING_GAMES
GOVERNMENT_AND_POLITICS,GOVERNMENT
GOVERNMENT_AND_POLITICS,MILITARY
GOVERNMENT_AND_POLITICS,OTHER_GOVERNMENT_AND_POLITICS
GOVERNMENT_AND_POLITICS,POLITICS
HEALTH,HEALTH
ILLEGAL_OR_QUESTIONABLE,ANONYMIZER
ILLEGAL_OR_QUESTIONABLE,COMPUTER_HACKING
ILLEGAL_OR_QUESTIONABLE,COPYRIGHT_INFRINGEMENT
ILLEGAL_OR_QUESTIONABLE,MATURE_HUMOR
ILLEGAL_OR_QUESTIONABLE,OTHER_ILLEGAL_OR_QUESTIONABLE
ILLEGAL_OR_QUESTIONABLE,PROFANITY
ILLEGAL_OR_QUESTIONABLE,QUESTIONABLE
INFORMATION_TECHNOLOGY,AI_ML_APPS
INFORMATION_TECHNOLOGY,CDN
INFORMATION_TECHNOLOGY,DEVELOPER_TOOLS
INFORMATION_TECHNOLOGY,DNS_OVER_HTTPS
INFORMATION_TECHNOLOGY,FILE_CONVERTORS
INFORMATION_TECHNOLOGY,FILE_HOST
INFORMATION_TECHNOLOGY,GENERAL_AI_ML
INFORMATION_TECHNOLOGY,IMAGE_HOST
INFORMATION_TECHNOLOGY,OSS_UPDATES
INFORMATION_TECHNOLOGY,OTHER_INFORMATION_TECHNOLOGY
INFORMATION_TECHNOLOGY,PORTALS
INFORMATION_TECHNOLOGY,SAFE_SEARCH_ENGINE
INFORMATION_TECHNOLOGY,SHAREWARE_DOWNLOAD
INFORMATION_TECHNOLOGY,TRANSLATORS
INFORMATION_TECHNOLOGY,WEB_BANNERS
INFORMATION_TECHNOLOGY,WEB_HOST
INFORMATION_TECHNOLOGY,WEB_SEARCH
INTERNET_COMMUNICATION,BLOG
INTERNET_COMMUNICATION,DISCUSSION_FORUMS
INTERNET_COMMUNICATION,EMAIL_HOST
INTERNET_COMMUNICATION,INTERNET_SERVICES
INTERNET_COMMUNICATION,ONLINE_CHAT
INTERNET_COMMUNICATION,OTHER_INTERNET_COMMUNICATION
INTERNET_COMMUNICATION,P2P_COMMUNICATION
INTERNET_COMMUNICATION,REMOTE_ACCESS
INTERNET_COMMUNICATION,WEB_CONFERENCING
INTERNET_COMMUNICATION,ZSPROXY_IPS
JOB_SEARCH,JOB_SEARCH
MILITANCY_HATE_AND_EXTREMISM,MILITANCY_HATE_AND_EXTREMISM
MISCELLANEOUS,MISCELLANEOUS_OR_UNKNOWN
MISCELLANEOUS,NEWLY_REG_DOMAINS
MISCELLANEOUS,NON_CATEGORIZABLE
MISCELLANEOUS,OTHER_MISCELLANEOUS
NEWS_AND_MEDIA,NEWS_AND_MEDIA
RELIGION,ALT_NEW_AGE
RELIGION,CULT
RELIGION,OTHER_RELIGION
RELIGION,TRADITIONAL_RELIGION
SECURITY,ADWARE_OR_SPYWARE
SECURITY,DYNAMIC_DNS
SECURITY,ENCR_WEB_CONTENT
SECURITY,NEWLY_REVIVED_DOMAINS
SECURITY,OTHER_SECURITY
SHOPPING_AND_AUCTIONS,ONLINE_AUCTIONS
SHOPPING_AND_AUCTIONS,OTHER_SHOPPING_AND_AUCTIONS
SHOPPING_AND_AUCTIONS,REAL_ESTATE
SHOPPING_AND_AUCTIONS,SPECIALIZED_SHOPPING
SOCIAL_AND_FAMILY_ISSUES,FAMILY_ISSUES
SOCIAL_AND_FAMILY_ISSUES,OTHER_SOCIAL_AND_FAMILY_ISSUES
SOCIAL_AND_FAMILY_ISSUES,SOCIAL_ISSUES
SOCIETY_AND_LIFESTYLE,ALCOHOL_TOBACCO
SOCIETY_AND_LIFESTYLE,ALTERNATE_LIFESTYLE
SOCIETY_AND_LIFESTYLE,ART_CULTURE
SOCIETY_AND_LIFESTYLE,DINING_AND_RESTAURANT
SOCIETY_AND_LIFESTYLE,HOBBIES_AND_LEISURE
SOCIETY_AND_LIFESTYLE,OTHER_SOCIETY_AND_LIFESTYLE
SOCIETY_AND_LIFESTYLE,SOCIAL_NETWORKING
SPECIAL_INTERESTS_SOCIAL_ORGANIZATIONS,SPECIAL_INTERESTS
SPORTS,SPORTS
TASTELESS,TASTELESS
TRAVEL,TRAVEL
USER_DEFINED,USER_DEFINED
VEHICLES,VEHICLES
VIOLENCE,VIOLENCE
WEAPONS_AND_BOMBS,WEAPONS_AND_BOMBS
